order_id,order_date,customer_id,product_id,store_id,quantity,unit_price,discount,payment_method
O1001,2026-09-01,C001,P001,S001,1,799.00,0.00,Credit Card
O1002,2026-09-01,C002,P006,S002,2,120.00,10.00,Debit Card
O1003,2026-09-01,C003,P003,S004,1,1099.00,50.00,Credit Card
O1004,2026-09-02,C004,P005,S003,2,199.00,20.00,PayPal
O1005,2026-09-02,C005,P007,S004,3,35.00,0.00,Credit Card
O1006,2026-09-03,C001,P002,S001,1,699.00,25.00,Credit Card
O1007,2026-09-03,C006,P008,S002,2,80.00,5.00,Debit Card
O1008,2026-09-04,C002,P004,S004,1,849.00,40.00,PayPal
O1009,2026-09-04,C003,P005,S001,1,199.00,0.00,Credit Card
O1010,2026-09-05,C004,P006,S003,1,120.00,10.00,Credit Card
O1011,2026-09-05,C005,P001,S004,1,799.00,30.00,Debit Card
O1012,2026-09-06,C006,P003,S002,1,1099.00,100.00,Credit Card
